{
  "evaluation_type": "policy_aware_proxy_metrics",
  "sample_query_count": 80,
  "fill_rate_at_5": 0.9349999999999999,
  "same_category_at_5": 1.0,
  "gender_compatible_at_5": 1.0,
  "exact_size_at_5": 0.6560416666666666,
  "size_compatible_at_5": 0.8881249999999999,
  "same_material_at_5": 0.853125,
  "same_tier_at_5": 0.55625,
  "avg_rule_quality_score_top5": 84.16625000000002,
  "avg_similarity_score_top5": 0.6730950704166666,
  "avg_budget_alignment_top5": 0.6899655297916667,
  "avg_final_score_top5": 0.7331236547916666,
  "review_fallback_rate_top5": 0.12958333333333333,
  "important_note": "These are proxy metrics because real renter interaction logs are not available yet."
}