tier_primary,rows,mae_min,mae_max,max_abs_error_max
Tier 1,13,0.0,0.7692307692307693,10.0
Tier 2,13,0.7692307692307693,1.5384615384615385,10.0
Tier 3,14,5.714285714285714,4.285714285714286,50.0
Tier 4,16,15.625,6.25,50.0
Tier 5,14,42.857142857142854,64.28571428571429,400.0
