tier_primary,rows,mae_min,mae_max,max_abs_error_max
Tier 1,16,1.25,1.875,10.0
Tier 2,15,1.3333333333333333,2.0,10.0
Tier 3,16,5.0,5.0,50.0
Tier 4,14,17.857142857142858,7.142857142857143,50.0
Tier 5,19,15.789473684210526,52.63157894736842,400.0
