model,val_mae_max,val_rmse_max
Linear,457.769234529116,874.1685295221739
RF_abs,211.54281656158403,934.5921128864002
RF_pct,18.32752613240418,51.817153738919195
RF_pct_tier_split,15.993031358885018,47.53505949857537
