model_route,rows,mae_max,p90_pct_error_max,p95_pct_error_max
tier_split_tier1to4,869,0.713463751438435,0.0,0.0
tier_split_tier5,213,12.67605633802817,0.0,0.009878048780487717
