model_route,rows,mae_max,p90_pct_error_max,p95_pct_error_max
tier_split_tier1to4,230,6.478260869565218,0.09090909090909091,0.16271929824561387
tier_split_tier5,57,54.3859649122807,0.041391304347826084,0.04809523809523809
