model_route,rows,mae_max,p90_pct_error_max,p95_pct_error_max
tier_split_tier1to4,117,7.777777777777778,0.1044444444444445,0.13333333333333286
tier_split_tier5,14,64.28571428571429,0.027552552552552553,0.03012452107279693
