{
  "sequence_only": {
    "best_val_macro_f1": 0.5889444655465029,
    "accuracy": 0.4201954397394137,
    "macro_f1": 0.4185351259914068,
    "weighted_f1": 0.43034921156891864,
    "confusion_matrix": [
      [
        43,
        0,
        29
      ],
      [
        35,
        57,
        57
      ],
      [
        30,
        27,
        29
      ]
    ]
  },
  "tabular_only": {
    "best_val_macro_f1": 0.9800872885979269,
    "accuracy": 0.9674267100977199,
    "macro_f1": 0.9665759225650333,
    "weighted_f1": 0.9678346151799807,
    "confusion_matrix": [
      [
        71,
        1,
        0
      ],
      [
        9,
        140,
        0
      ],
      [
        0,
        0,
        86
      ]
    ]
  },
  "rule_only": {
    "accuracy": 0.9185667752442996,
    "macro_f1": 0.9201653047806895,
    "weighted_f1": 0.9208613152486869,
    "confusion_matrix": [
      [
        72,
        0,
        0
      ],
      [
        25,
        124,
        0
      ],
      [
        0,
        0,
        86
      ]
    ]
  },
  "hybrid_lstm_tabular": {
    "best_val_macro_f1": 1.0,
    "accuracy": 0.9771986970684039,
    "macro_f1": 0.976529133762697,
    "weighted_f1": 0.9774529616148748,
    "confusion_matrix": [
      [
        72,
        0,
        0
      ],
      [
        7,
        142,
        0
      ],
      [
        0,
        0,
        86
      ]
    ]
  }
}